id,version,cat,spec,unit,price,region_factor,active,note
1,2026-H2,가설공사,"가설울타리 설치·해체 (EGI휀스, 지주높이 3.5m이하)",m,25288,1.0,Y,AA162.30350 | 노무비율95% | 재료비제외 | 재료비·기초콘크리트 별도
2,2026-H2,가설공사,"가설울타리 설치·해체 (EGI휀스, 지주높이 6.0m이하)",m,33258,1.0,Y,AA162.30600 | 노무비율95% | 재료비제외 | 재료비 별도
3,2026-H2,가설공사,"낙하물 방지망 설치·해체 (강관, 3개월이하)",㎡,11388,1.0,Y,AA270.02010 | 노무비율78% | 재료비포함 | 3개월초과 보정계수 적용
4,2026-H2,가설공사,"강관비계 (10m이하, 3개월이하)",㎡,25176,1.0,Y,AA310.01010 | 노무비율63% | 재료비포함 | 보호망 재료비 별도
5,2026-H2,가설공사,"강관비계 (10m초과~20m이하, 3개월이하)",㎡,27848,1.0,Y,AA310.01020 | 노무비율66% | 재료비포함
6,2026-H2,가설공사,"강관비계 (20m초과~30m이하, 3개월이하)",㎡,30523,1.0,Y,AA310.01030 | 노무비율68% | 재료비포함
7,2026-H2,가설공사,시스템비계(자재비제외) (10m이하),㎡,13993,1.0,Y,AA310.02010 | 노무비율97% | 재료비제외 | 자재·보호망 별도
8,2026-H2,가설공사,시스템비계(자재비제외) (10m초과~20m이하),㎡,17076,1.0,Y,AA310.02020 | 노무비율97% | 재료비제외
9,2026-H2,가설공사,시스템비계(자재비제외) (20m초과~30m이하),㎡,20136,1.0,Y,AA310.02030 | 노무비율97% | 재료비제외
10,2026-H2,가설공사,"경사형 가설계단 (경사형, 3개월이하)",㎡,123631,1.0,Y,AA310.02100 | 노무비율70% | 재료비포함 | 높이 6m이하
11,2026-H2,가설공사,"강관동바리 (3.5m이하, 3개월이하)",㎡,14934,1.0,Y,AA322.01220 | 노무비율62% | 재료비포함 | 설치간격 0.6m 초과
12,2026-H2,가설공사,강관동바리 (3.5m초과~4.2m이하),㎡,16996,1.0,Y,AA322.01320 | 노무비율66% | 재료비포함
13,2026-H2,가설공사,시스템 동바리(자재비제외) (5m이하),m³,17312,1.0,Y,AA323.10500 | 노무비율97% | 재료비제외
14,2026-H2,가설공사,시스템 동바리(자재비제외) (5m초과~10m이하),m³,20924,1.0,Y,AA323.10600 | 노무비율97% | 재료비제외
15,2026-H2,가설공사,"타워크레인 임대료 (T형, 8ton)",월,14458982,1.0,Y,AC210.10000 | 노무비율48% | 재료비포함 | 운반·설치·해체 별도
16,2026-H2,가설공사,"타워크레인 임대료 (T형, 10ton)",월,15744463,1.0,Y,AC210.20000 | 노무비율44% | 재료비포함
17,2026-H2,가설공사,"타워크레인 임대료 (T형, 12ton)",월,16811467,1.0,Y,AC210.30000 | 노무비율41% | 재료비포함
18,2026-H2,가설공사,현장정리 (RC조),㎡,14341,1.0,Y,AD160.40000 | 노무비율99% | 재료비포함 | 연면적 기준
19,2026-H2,가설공사,현장정리 (철골조),㎡,8201,1.0,Y,AD160.20000 | 노무비율99% | 재료비포함
20,2026-H2,가설공사,건축물 보양 (부직포 깔기),㎡,1091,1.0,Y,AD271.01000 | 노무비율42% | 재료비포함
21,2026-H2,가설공사,건축물 보양 (보양지 붙이기),㎡,1845,1.0,Y,AD271.02000 | 노무비율85% | 재료비포함
22,2026-H2,가설공사,건축물 보양 (목재 붙이기),㎡,11859,1.0,Y,AD271.03000 | 노무비율65% | 재료비포함
23,2026-H2,철근콘크리트공사,"합판거푸집 (간단, 0~7m)",㎡,42066,1.0,Y,DA001.01000 | 노무비율58% | 재료비포함 | 매트기초(전용6회)
24,2026-H2,철근콘크리트공사,"합판거푸집 (보통, 0~7m)",㎡,48034,1.0,Y,DA001.02000 | 노무비율59% | 재료비포함 | 슬래브·일반벽체(전용4회)
25,2026-H2,철근콘크리트공사,"합판거푸집 (복잡, 0~7m)",㎡,65018,1.0,Y,DA001.03000 | 노무비율64% | 재료비포함 | 보·기둥(전용3회)
26,2026-H2,철근콘크리트공사,"합판거푸집 (소규모·매우복잡, 0~7m)",㎡,75497,1.0,Y,DA001.04000 | 노무비율62% | 재료비포함 | 조적턱·창호턱(전용2회)
27,2026-H2,철근콘크리트공사,"합판거푸집 (제물치장, 0~7m)",㎡,118131,1.0,Y,DA001.05000 | 노무비율58% | 재료비포함 | 7m초과 매3m마다 노무비 10% 가산
28,2026-H2,철근콘크리트공사,"유로폼 거푸집 (간단, 0~7m)",㎡,34651,1.0,Y,DA402.01000 | 노무비율81% | 재료비포함
29,2026-H2,철근콘크리트공사,"유로폼 거푸집 (보통, 0~7m)",㎡,39551,1.0,Y,DA402.02000 | 노무비율81% | 재료비포함 | 일반 내외부 벽체
30,2026-H2,철근콘크리트공사,"유로폼 거푸집 (복잡, 0~7m)",㎡,51378,1.0,Y,DA402.03000 | 노무비율82% | 재료비포함
31,2026-H2,철근콘크리트공사,알루미늄폼 설치·해체 (셋팅층),㎡,39522,1.0,Y,DA404.00100 | 노무비율93% | 재료비제외 | 자재·동바리 재료비 별도
32,2026-H2,철근콘크리트공사,알루미늄폼 설치·해체 (일반층),㎡,16056,1.0,Y,DA404.00200 | 노무비율100% | 재료비제외
33,2026-H2,철근콘크리트공사,알루미늄폼 설치·해체 (마감층),㎡,30329,1.0,Y,DA404.00300 | 노무비율100% | 재료비제외
34,2026-H2,철근콘크리트공사,갱폼 설치·해체 (셋팅층),㎡,56930,1.0,Y,DA403.00100 | 노무비율80% | 재료비제외 | 타워크레인 경비 별도
35,2026-H2,철근콘크리트공사,갱폼 설치·해체 (일반층),㎡,15431,1.0,Y,DA403.00200 | 노무비율98% | 재료비제외
36,2026-H2,철근콘크리트공사,갱폼 설치·해체 (마감층),㎡,28293,1.0,Y,DA403.00300 | 노무비율98% | 재료비제외
37,2026-H2,철근콘크리트공사,철근 현장가공 및 조립 (Type-Ⅰ),TON,684804,1.0,Y,DB000.20000 | 노무비율92% | 재료비제외 | D13이하 50%미만. 재료비 별도
38,2026-H2,철근콘크리트공사,철근 현장가공 및 조립 (Type-Ⅱ),TON,776288,1.0,Y,DB000.30000 | 노무비율91% | 재료비제외 | D13이하 50%이상
39,2026-H2,철근콘크리트공사,철근 공장가공 및 조립 (Type-Ⅰ),TON,593678,1.0,Y,DB000.22000 | 노무비율87% | 재료비제외
40,2026-H2,철근콘크리트공사,철근 공장가공 및 조립 (Type-Ⅱ),TON,700182,1.0,Y,DB000.32000 | 노무비율86% | 재료비제외
41,2026-H2,철근콘크리트공사,와이어메시 설치,㎡,1119,1.0,Y,DB510.00000 | 노무비율98% | 재료비제외 | 와이어메시 재료비 별도
42,2026-H2,철근콘크리트공사,무근콘크리트 타설/펌프차 (TYPE-1),m³,14349,1.0,Y,DF102.01152 | 노무비율66% | 재료비제외 | 레미콘 재료비 별도
43,2026-H2,철근콘크리트공사,무근콘크리트 타설/펌프차 (TYPE-2),m³,20185,1.0,Y,DF102.02152 | 노무비율68% | 재료비제외
44,2026-H2,철근콘크리트공사,철근콘크리트 타설/펌프차 (TYPE-1),m³,16620,1.0,Y,DF202.01152 | 노무비율66% | 재료비제외 | 매트기초 등. 레미콘 재료비 별도
45,2026-H2,철근콘크리트공사,철근콘크리트 타설/펌프차 (TYPE-2),m³,23120,1.0,Y,DF202.02152 | 노무비율68% | 재료비제외 | 벽·기둥·보·슬라브 일반
46,2026-H2,철근콘크리트공사,철근콘크리트 타설/펌프차 (TYPE-3),m³,28827,1.0,Y,DF202.03152 | 노무비율68% | 재료비제외 | 협소 타설 부위
47,2026-H2,철근콘크리트공사,콘크리트 양생,㎡,569,1.0,Y,DF000.10000 | 노무비율100% | 재료비포함 | 살수차·물 별도
48,2026-H2,철근콘크리트공사,콘크리트면 부분마감 (3.6m이하),㎡,5567,1.0,Y,DR131.20010 | 노무비율97% | 재료비제외
49,2026-H2,철근콘크리트공사,콘크리트면 전면마감 (3.6m이하),㎡,6939,1.0,Y,DR131.20020 | 노무비율97% | 재료비제외
50,2026-H2,철근콘크리트공사,콘크리트면 전면마감 (3.6m초과),㎡,8926,1.0,Y,DR131.20021 | 노무비율97% | 재료비제외
51,2026-H2,철근콘크리트공사,"레미콘 재료비 (25-21-12, 설계강도 21MPa)",m³,95000,1.0,Y,MAT_REMICON_210 | 노무비율0% | 재료비포함 | 충남 서산 기준 시중단가. 물량·계절 변동
52,2026-H2,철근콘크리트공사,"레미콘 재료비 (25-24-12, 설계강도 24MPa)",m³,98000,1.0,Y,MAT_REMICON_240 | 노무비율0% | 재료비포함 | 펌프용 슬럼프 150mm
53,2026-H2,철근콘크리트공사,"레미콘 재료비 (25-27-12, 설계강도 27MPa)",m³,101000,1.0,Y,MAT_REMICON_270 | 노무비율0% | 재료비포함
54,2026-H2,철근콘크리트공사,철근 재료비 (HD13 이형철근),TON,850000,1.0,Y,MAT_REBAR_HD13 | 노무비율0% | 재료비포함 | 2025년 하반기 시중단가 기준
55,2026-H2,철근콘크리트공사,철근 재료비 (HD16 이형철근),TON,840000,1.0,Y,MAT_REBAR_HD16 | 노무비율0% | 재료비포함
56,2026-H2,철근콘크리트공사,철근 재료비 (HD19 이형철근),TON,830000,1.0,Y,MAT_REBAR_HD19 | 노무비율0% | 재료비포함
57,2026-H2,철골공사,철골세우기/6층미만 (강재 20ton미만),TON,173501,1.0,Y,EE121.00020 | 노무비율98% | 재료비제외 | 크레인 경비 별도
58,2026-H2,철골공사,철골세우기/6층미만 (강재 80ton미만),TON,157492,1.0,Y,EE121.00080 | 노무비율98% | 재료비제외
59,2026-H2,철골공사,철골세우기/6층미만 (강재 500ton미만),TON,140138,1.0,Y,EE121.00500 | 노무비율98% | 재료비제외
60,2026-H2,철골공사,철골세우기/6층미만 (강재 500ton이상),TON,122785,1.0,Y,EE121.01000 | 노무비율98% | 재료비제외
61,2026-H2,철골공사,고장력볼트 본조임 (30본/t미만),TON,125475,1.0,Y,EE100.00300 | 노무비율97% | 재료비제외 | 재료비 별도
62,2026-H2,철골공사,고장력볼트 본조임 (50본/t미만),TON,150808,1.0,Y,EE100.00500 | 노무비율97% | 재료비제외
63,2026-H2,철골공사,앵커볼트 설치 (16mm이하),개소,15389,1.0,Y,EB000.00160 | 노무비율98% | 재료비제외
64,2026-H2,철골공사,앵커볼트 설치 (24mm이하),개소,37293,1.0,Y,EB000.00240 | 노무비율98% | 재료비제외
65,2026-H2,조적공사,시멘트벽돌 쌓기(0.5B) (3.6m이하),㎡,26848,1.0,Y,FA111.00100 | 노무비율98% | 재료비제외 | 재료비 별도. 75매/m2
66,2026-H2,조적공사,시멘트벽돌 쌓기(1.0B) (3.6m이하),㎡,47516,1.0,Y,FA113.00100 | 노무비율98% | 재료비제외 | 149매/m2
67,2026-H2,조적공사,시멘트벽돌 쌓기(0.5B) (3.6m초과),㎡,35818,1.0,Y,FA111.00200 | 노무비율98% | 재료비제외
68,2026-H2,조적공사,시멘트벽돌 쌓기(1.0B) (3.6m초과),㎡,64727,1.0,Y,FA113.00200 | 노무비율98% | 재료비제외
69,2026-H2,조적공사,치장벽돌 쌓기(0.5B) (3.6m이하),㎡,57665,1.0,Y,FA121.00100 | 노무비율98% | 재료비제외
70,2026-H2,조적공사,치장벽돌 쌓기(1.0B) (3.6m이하),㎡,90645,1.0,Y,FA123.00100 | 노무비율98% | 재료비제외
71,2026-H2,조적공사,"콘크리트블록 보강쌓기(100) (3.6m이하, 한면마감)",㎡,30550,1.0,Y,FB121.00110 | 노무비율98% | 재료비제외
72,2026-H2,조적공사,"콘크리트블록 보강쌓기(150) (3.6m이하, 한면마감)",㎡,36985,1.0,Y,FB122.00110 | 노무비율98% | 재료비제외
73,2026-H2,조적공사,"콘크리트블록 보강쌓기(190) (3.6m이하, 한면마감)",㎡,43420,1.0,Y,FB123.00110 | 노무비율98% | 재료비제외
74,2026-H2,미장공사,시멘트모르타르 바름(1회) (3.6m이하),㎡,14259,1.0,Y,GA110.01100 | 노무비율98% | 재료비제외
75,2026-H2,미장공사,시멘트모르타르 바름(2회) (3.6m이하),㎡,20242,1.0,Y,GA110.02100 | 노무비율98% | 재료비제외
76,2026-H2,미장공사,시멘트모르타르 바름(3회) (3.6m이하),㎡,29913,1.0,Y,GA110.03100 | 노무비율98% | 재료비제외
77,2026-H2,미장공사,시멘트모르타르 바름(1회) (3.6m초과),㎡,20242,1.0,Y,GA110.01200 | 노무비율98% | 재료비제외
78,2026-H2,미장공사,모르타르 타설 (바닥 미장면),m³,19018,1.0,Y,GF000.01000 | 노무비율100% | 재료비제외
79,2026-H2,미장공사,표면마무리 (인력마감),㎡,920,1.0,Y,GF000.02100 | 노무비율100% | 재료비포함
80,2026-H2,미장공사,표면마무리 (기계마감),㎡,730,1.0,Y,GF000.02200 | 노무비율91% | 재료비포함
81,2026-H2,미장공사,시멘트모르타르 충전 (창호주위),m,3677,1.0,Y,GH110.10000 | 노무비율98% | 재료비제외
82,2026-H2,미장공사,우레탄폼 충전 (창호주위),m,2284,1.0,Y,GH120.01000 | 노무비율98% | 재료비제외
83,2026-H2,방수공사,방수 바탕처리 (바닥),㎡,8210,1.0,Y,HS110.10000 | 노무비율94% | 재료비제외
84,2026-H2,방수공사,방수 바탕처리 (수직부),㎡,10206,1.0,Y,HS110.20000 | 노무비율94% | 재료비제외
85,2026-H2,방수공사,방수 프라이머 (1회바름),㎡,2533,1.0,Y,HS120.10000 | 노무비율98% | 재료비제외
86,2026-H2,방수공사,도막방수/도막바름 (바닥/1층),㎡,3876,1.0,Y,HC001.10000 | 노무비율98% | 재료비제외
87,2026-H2,방수공사,도막방수/도막바름 (수직부/1층),㎡,5483,1.0,Y,HC001.20000 | 노무비율98% | 재료비제외
88,2026-H2,방수공사,시트방수/접착식 (바닥),㎡,9628,1.0,Y,HB001.10000 | 노무비율98% | 재료비제외
89,2026-H2,방수공사,시트방수/접착식 (수직부),㎡,13493,1.0,Y,HB001.20000 | 노무비율98% | 재료비제외
90,2026-H2,방수공사,시트방수/자착식 (바닥),㎡,6447,1.0,Y,HB002.10000 | 노무비율100% | 재료비제외
91,2026-H2,방수공사,시멘트액체방수 (바닥),㎡,18496,1.0,Y,HI000.30000 | 노무비율97% | 재료비제외
92,2026-H2,방수공사,시멘트액체방수 (벽),㎡,15800,1.0,Y,HI000.20000 | 노무비율97% | 재료비제외
93,2026-H2,방수공사,"수밀코킹 (사각, 폭 15mm이하)",m,4076,1.0,Y,HF202.00015 | 노무비율100% | 재료비제외
94,2026-H2,방수공사,"수밀코킹 (사각, 폭 15~25mm)",m,4282,1.0,Y,HF202.00025 | 노무비율100% | 재료비제외
95,2026-H2,목공사,목조 마루 설치,㎡,42312,1.0,Y,IA400.10000 | 노무비율95% | 재료비제외 | 주재료(목재·합판) 별도
96,2026-H2,목공사,벽체 띠장 설치 (틀간격 45~60cm),㎡,9039,1.0,Y,IB310.00600 | 노무비율96% | 재료비제외
97,2026-H2,목공사,거푸집 먹매김 (벽식),㎡,4876,1.0,Y,IB401.10000 | 노무비율99% | 재료비포함
98,2026-H2,목공사,거푸집 먹매김 (일반),㎡,2784,1.0,Y,IB402.10000 | 노무비율99% | 재료비포함
99,2026-H2,금속공사,경량철골 천장틀 (BAR 간격 300mm),㎡,11380,1.0,Y,JI500.03000 | 노무비율94% | 재료비제외 | 재료비 별도
100,2026-H2,금속공사,경량철골 천장틀 (BAR 간격 450mm),㎡,10879,1.0,Y,JI500.04500 | 노무비율94% | 재료비제외
101,2026-H2,금속공사,경량철골 천장틀 (BAR 간격 600mm),㎡,10138,1.0,Y,JI500.06000 | 노무비율94% | 재료비제외
102,2026-H2,금속공사,천장점검구 설치 (450×450),개소,93675,1.0,Y,JI600.10000 | 노무비율76% | 재료비포함 | 재료비 포함
103,2026-H2,금속공사,천장점검구 설치 (600×600),개소,104709,1.0,Y,JI600.15000 | 노무비율75% | 재료비포함
104,2026-H2,지붕공사,후레싱 설치 (설치폭 0.25m이하),m,4360,1.0,Y,KA000.02500 | 노무비율97% | 재료비제외 | 급경사 1.20배 보정
105,2026-H2,지붕공사,폴리카보네이트 설치 (두께 16mm이하),㎡,36751,1.0,Y,KA600.01600 | 노무비율97% | 재료비제외
106,2026-H2,지붕공사,금속 선홈통 설치 (∅150mm이하),m,22243,1.0,Y,KB101.01500 | 노무비율98% | 재료비제외
107,2026-H2,지붕공사,염화비닐 선홈통 설치 (∅150mm이하),m,15861,1.0,Y,KB111.01500 | 노무비율98% | 재료비제외
108,2026-H2,지붕공사,금속 처마홈통 설치 (폭 150mm이하),m,14312,1.0,Y,KB401.01500 | 노무비율98% | 재료비제외
109,2026-H2,지붕공사,루프드레인 설치 (∅100~150mm),개소,36585,1.0,Y,KC100.01500 | 노무비율100% | 재료비제외
110,2026-H2,유리공사,복층유리 설치 (12mm이하),㎡,23927,1.0,Y,LH111.10120 | 노무비율97% | 재료비제외 | 유리·실링재 별도. 공동주택 0.86
111,2026-H2,유리공사,복층유리 설치 (16mm이하),㎡,26171,1.0,Y,LH112.10160 | 노무비율97% | 재료비제외
112,2026-H2,유리공사,복층유리 설치 (18mm이하),㎡,27364,1.0,Y,LH113.10180 | 노무비율97% | 재료비제외
113,2026-H2,유리공사,복층유리 설치 (24mm이하),㎡,28917,1.0,Y,LH114.10240 | 노무비율97% | 재료비제외
114,2026-H2,유리공사,복층유리 설치 (28mm이하),㎡,30947,1.0,Y,LH115.10280 | 노무비율97% | 재료비제외
115,2026-H2,창호공사,합성수지창호(미서기/단창) (1.0m2이하),개소,45279,1.0,Y,LB521.10000 | 노무비율97% | 재료비제외
116,2026-H2,창호공사,합성수지창호(미서기/단창) (1.0~3.0m2이하),개소,56268,1.0,Y,LB522.10000 | 노무비율97% | 재료비제외
117,2026-H2,창호공사,합성수지창호(미서기/단창) (3.0~6.0m2이하),개소,89381,1.0,Y,LB523.10000 | 노무비율97% | 재료비제외
118,2026-H2,창호공사,합성수지창호(미서기/이중창) (1.0m2이하),개소,53619,1.0,Y,LB521.20000 | 노무비율97% | 재료비제외
119,2026-H2,창호공사,합성수지창호(미서기/이중창) (1.0~3.0m2이하),개소,66324,1.0,Y,LB522.20000 | 노무비율97% | 재료비제외
120,2026-H2,창호공사,합성수지창호(미서기/이중창) (3.0~6.0m2이하),개소,102333,1.0,Y,LB523.20000 | 노무비율97% | 재료비제외
121,2026-H2,창호공사,목재창호(여닫이) (1.0m2이하),개소,68158,1.0,Y,LB451.10000 | 노무비율96% | 재료비제외
122,2026-H2,창호공사,목재창호(여닫이) (1.0~3.0m2이하),개소,81249,1.0,Y,LB452.10000 | 노무비율96% | 재료비제외
123,2026-H2,타일공사,타일 떠붙이기/벽면 (0.04~0.10m2이하),㎡,48199,1.0,Y,MA110.00110 | 노무비율97% | 재료비제외 | 특수타일 1.35~1.50배
124,2026-H2,타일공사,타일 떠붙이기/벽면 (0.11~0.20m2이하),㎡,42830,1.0,Y,MA110.00120 | 노무비율97% | 재료비제외
125,2026-H2,타일공사,타일 떠붙이기/벽면 (0.21~0.40m2이하),㎡,39297,1.0,Y,MA110.00140 | 노무비율97% | 재료비제외
126,2026-H2,타일공사,타일 압착붙이기/바닥면 (0.04~0.10m2이하),㎡,37429,1.0,Y,MA310.00210 | 노무비율97% | 재료비제외
127,2026-H2,타일공사,타일 압착붙이기/바닥면 (0.11~0.20m2이하),㎡,32922,1.0,Y,MA310.00220 | 노무비율97% | 재료비제외
128,2026-H2,타일공사,타일 압착붙이기/바닥면 (0.21~0.40m2이하),㎡,29911,1.0,Y,MA310.00240 | 노무비율97% | 재료비제외
129,2026-H2,타일공사,타일 접착붙이기/벽면 (0.04~0.10m2이하),㎡,29311,1.0,Y,MA110.00310 | 노무비율97% | 재료비제외
130,2026-H2,타일공사,타일 바탕 고르기 (벽),㎡,12753,1.0,Y,MA100.01000 | 노무비율97% | 재료비제외
131,2026-H2,타일공사,타일 바탕 고르기 (바닥),㎡,9509,1.0,Y,MA100.02000 | 노무비율97% | 재료비제외
132,2026-H2,타일공사,화강석 바닥깔기 (바닥),㎡,94358,1.0,Y,MB321.01000 | 노무비율98% | 재료비제외
133,2026-H2,타일공사,화강석 바닥깔기 (계단),㎡,106830,1.0,Y,MB321.02000 | 노무비율98% | 재료비제외
134,2026-H2,도장공사,"수성페인트(롤러칠) (1회, 벽체)",㎡,3224,1.0,Y,NC102.20000 | 노무비율98% | 재료비제외
135,2026-H2,도장공사,"수성페인트(롤러칠) (1회, 천장)",㎡,3859,1.0,Y,NC103.20000 | 노무비율98% | 재료비제외
136,2026-H2,도장공사,"수성페인트(붓칠) (1회, 벽체)",㎡,5964,1.0,Y,NC102.10000 | 노무비율98% | 재료비제외
137,2026-H2,도장공사,"수성페인트(붓칠) (1회, 천장)",㎡,7129,1.0,Y,NC103.10000 | 노무비율98% | 재료비제외
138,2026-H2,도장공사,"유성페인트(롤러칠) (콘크리트면, 1회, 벽체)",㎡,3766,1.0,Y,NB132.20000 | 노무비율98% | 재료비제외
139,2026-H2,도장공사,"유성페인트(롤러칠) (콘크리트면, 1회, 천장)",㎡,4513,1.0,Y,NB133.20000 | 노무비율98% | 재료비제외
140,2026-H2,도장공사,"녹막이 페인트(붓칠) (철재면, 1회, 벽체)",㎡,4022,1.0,Y,NA012.10000 | 노무비율97% | 재료비제외
141,2026-H2,도장공사,"에폭시 페인트 코팅(롤러칠) (콘크리트 바닥, 3회)",㎡,11020,1.0,Y,NJ001.20000 | 노무비율98% | 재료비제외
142,2026-H2,도장공사,콘크리트면 바탕만들기 (벽체),㎡,2453,1.0,Y,NS032.01000 | 노무비율97% | 재료비제외
143,2026-H2,도장공사,"석고보드면 바탕만들기 (올퍼티, 벽체)",㎡,18212,1.0,Y,NS062.01000 | 노무비율98% | 재료비제외
144,2026-H2,도장공사,"석고보드면 바탕만들기 (줄퍼티, 벽체)",㎡,9737,1.0,Y,NS062.01010 | 노무비율98% | 재료비제외
145,2026-H2,수장공사,합성고분자계 바닥재/타일,㎡,15882,1.0,Y,OA112.10000 | 노무비율92% | 재료비제외
146,2026-H2,수장공사,합성고분자계 바닥재/시트(전면접합),㎡,7080,1.0,Y,OA113.10000 | 노무비율83% | 재료비제외
147,2026-H2,수장공사,플로어링 마루 설치,㎡,12211,1.0,Y,OA430.10000 | 노무비율94% | 재료비제외 | 주재료 별도
148,2026-H2,수장공사,이중바닥 설치 (독립지지 다리방식),㎡,22197,1.0,Y,OA440.10000 | 노무비율92% | 재료비제외
149,2026-H2,수장공사,"걸레받이 설치 (중밀도섬유판, 75~120mm)",m,3697,1.0,Y,OA530.00120 | 노무비율96% | 재료비제외
150,2026-H2,수장공사,"걸레받이 설치 (합성수지, 75~120mm)",m,3085,1.0,Y,OA520.00120 | 노무비율96% | 재료비제외
151,2026-H2,수장공사,도배지 바름 (합판·석고보드면/벽),㎡,6485,1.0,Y,OB110.10000 | 노무비율96% | 재료비제외
152,2026-H2,수장공사,도배지 바름 (합판·석고보드면/천장),㎡,8386,1.0,Y,OB130.10000 | 노무비율96% | 재료비제외
153,2026-H2,수장공사,도배지 바름 (콘크리트·모르타르면/벽),㎡,5885,1.0,Y,OB110.20000 | 노무비율96% | 재료비제외
154,2026-H2,수장공사,석고판 못붙임/바탕용 (1겹붙임/벽),㎡,9667,1.0,Y,OC311.00010 | 노무비율97% | 재료비제외
155,2026-H2,수장공사,석고판 못붙임/바탕용 (1겹붙임/천장),㎡,12610,1.0,Y,OC321.00010 | 노무비율97% | 재료비제외
156,2026-H2,수장공사,석고판 못붙임/치장용 (벽),㎡,19303,1.0,Y,OC311.10020 | 노무비율97% | 재료비제외
157,2026-H2,수장공사,천장텍스 설치 (흡음텍스 300×600),㎡,13742,1.0,Y,OC120.30600 | 노무비율95% | 재료비제외
158,2026-H2,수장공사,단열재 공간넣기/벽 (t=50mm이하),㎡,5946,1.0,Y,OD010.10050 | 노무비율97% | 재료비제외
159,2026-H2,수장공사,단열재 공간넣기/벽 (t=100mm이하),㎡,6536,1.0,Y,OD010.10100 | 노무비율97% | 재료비제외
160,2026-H2,수장공사,단열재 접착제붙이기/벽 (t=50mm이하),㎡,13149,1.0,Y,OD010.20050 | 노무비율93% | 재료비제외
161,2026-H2,수장공사,단열재 접착제붙이기/벽 (t=100mm이하),㎡,14626,1.0,Y,OD010.20100 | 노무비율94% | 재료비제외
162,2026-H2,수장공사,단열재 접착제붙이기/천장 (t=50mm이하),㎡,15723,1.0,Y,OD020.20050 | 노무비율94% | 재료비제외
163,2026-H2,수장공사,단열재 슬래브위 깔기/바닥 (t=50mm이하),㎡,2903,1.0,Y,OD030.10050 | 노무비율76% | 재료비제외
164,2026-H2,수장공사,단열재 슬래브위 깔기/바닥 (t=100mm이하),㎡,3273,1.0,Y,OD030.10100 | 노무비율78% | 재료비제외
165,2026-H2,수장공사,조이너 설치,m,4523,1.0,Y,OG001.00000 | 노무비율96% | 재료비제외
166,2026-H2,수장공사,몰딩 설치,m,7916,1.0,Y,OG002.00000 | 노무비율96% | 재료비제외
